{
  "example": "01_minimal",
  "train_limit": 512,
  "epochs": 3,
  "seeds": [
    7,
    42,
    123
  ],
  "cache_enabled": {
    "times_sec": [
      85.0243601000002,
      91.76640362699982,
      89.8906440369974
    ],
    "mean_sec": 88.89380258799913,
    "std_sec": 3.479807090316947
  },
  "cache_disabled": {
    "times_sec": [
      249.87707449000118,
      244.93531244900078,
      233.8825679239999
    ],
    "mean_sec": 242.89831828766728,
    "std_sec": 8.189509691211352
  },
  "speedup": {
    "ratio": 2.736620715396509,
    "ci_95_lower": 2.2935306429005,
    "ci_95_upper": 3.179710787892518
  }
}
