{
  "compile_api_sec": 0.014,
  "epoch_sec": [
    73.09,
    0.233
  ],
  "first_epoch_sec": 73.09,
  "steady_epoch_sec_mean": 0.233,
  "warmup_sec": 72.857,
  "total_train_sec": 73.323,
  "per_query_ms": 143.209,
  "warmup_breakdown": {
    "ptx": {
      "total_sec": 0.012217571999999998,
      "cubin_loaded": 0,
      "ptx_fallback": 19,
      "per_module_sec": {
        "join": 0.002357407,
        "dedup": 0.000266256,
        "groupby": 0.000395078,
        "scan": 0.00049943,
        "sort": 0.000336005,
        "filter": 0.000518026,
        "set_ops": 0.00058456,
        "pack": 0.000511144,
        "pir": 0.000324644,
        "cnf": 0.00035438,
        "cache": 0.000231631,
        "weights": 0.000330903,
        "circuit": 0.001572551,
        "mc_sample": 0.000486169,
        "mc_eval": 0.000119409,
        "arith": 0.000464481,
        "sat": 0.000983487,
        "d4": 0.001452747,
        "neural": 0.000429264
      }
    },
    "circuit": {
      "gpu_cache_hit": false,
      "d4_compile_sec": 18.128288413,
      "verify_sec": 54.349603135,
      "smooth_sec": 0.008669955,
      "cache_store_sec": 0.000103993,
      "free_var_mask_sec": 0.000136507,
      "cnf_hash_sec": 0.000427942
    }
  }
}
